Time	S1	S2	I1	I2	Y1	Y2	R1	R2	D1	D2	V1	V2	NewI	NewY
0.000000	44498487.000000	2855219.000000	1.000000	1.000000	0.000000	0.000000	0.000000	0.000000	0.000000	0.000000	0.000000	0.000000	0.000000	0.000000	
1.002747	44023647.976928	2855218.950068	1.906429	0.974016	0.000058	0.000000	474838.115631	0.061279	0.000954	0.014638	474838.006044	0.000000	1.066960	0.000059	
2.005495	43548808.361744	2855218.881771	3.316223	0.967687	0.000314	0.000000	949676.319046	0.121515	0.002674	0.029026	949676.012088	0.000000	2.744397	0.000327	
3.008242	43073967.828423	2855218.784019	5.506129	0.990260	0.000975	0.000000	1424514.658890	0.182199	0.005584	0.043522	1424514.018132	0.000000	5.369426	0.001035	
4.010989	42599125.882793	2855218.639877	8.894920	1.055955	0.002394	0.000000	1899353.209559	0.245520	0.010335	0.058648	1899352.024176	0.000000	9.453155	0.002577	
5.013736	42124281.760612	2855218.422781	14.128452	1.187157	0.005222	0.000000	2374192.087766	0.314852	0.017949	0.075209	2374190.030220	0.000000	15.786387	0.005688	
6.016484	41649434.341709	2855218.093213	22.150728	1.417197	0.010574	0.000000	2849031.467044	0.395190	0.029944	0.094399	2849028.036264	0.000000	25.528814	0.011633	
7.019231	41174581.943275	2855217.591536	34.378643	1.796422	0.020195	0.000000	3323871.609272	0.494032	0.048616	0.118010	3323866.042308	0.000000	40.422881	0.022398	
8.021978	40699721.969431	2855216.824007	52.990329	2.403844	0.037230	0.000000	3798712.925443	0.623268	0.077566	0.148881	3798704.048352	0.000000	63.158210	0.041592	
9.024725	40224850.736228	2855215.655367	81.067383	3.353258	0.066725	0.000000	4273556.007671	0.800224	0.121992	0.191150	4273542.054396	0.000000	97.554009	0.075017	
10.027473	39749962.882520	2855213.887485	123.088870	4.811211	0.116338	0.000000	4748401.722769	1.050395	0.189503	0.250909	4748380.060440	0.000000	149.169556	0.131516	
11.030220	39275050.238201	2855211.214188	185.862814	7.034517	0.198804	0.000000	5223251.408333	1.413622	0.291847	0.337673	5223218.066484	0.000000	226.481127	0.225850	
12.032967	38800101.057262	2855207.186605	279.140314	10.398589	0.334638	0.000000	5698107.021552	1.949199	0.446234	0.465607	5698056.072527	0.000000	341.683606	0.381893	
13.035714	38325099.016597	2855201.170344	416.427650	15.432556	0.555005	0.000000	6172971.323785	2.742094	0.676963	0.655007	6172894.078571	0.000000	511.734488	0.636045	
14.038462	37850020.480369	2855192.244603	617.273165	22.903862	0.905486	0.000000	6647848.321687	3.916094	1.019292	0.935441	6647732.084615	0.000000	761.190412	1.041658	
15.041209	37374830.397239	2855179.013279	910.538628	33.971698	1.461241	0.000000	7122744.076277	5.662432	1.526616	1.352591	7122570.090659	0.000000	1126.498823	1.687115	
16.043956	36899480.817363	2855159.531057	1335.558076	50.246377	2.333883	0.000001	7597667.017424	8.251518	2.273254	1.971048	7597408.096703	0.000000	1657.554878	2.704069	
17.046703	36423905.760332	2855131.077565	1946.275082	73.973101	3.687520	0.000002	8072628.914024	12.066899	3.363041	2.882432	8072246.102747	0.000000	2423.059356	4.286813	
18.049451	35948011.389159	2855089.770968	2819.356649	108.352459	5.758316	0.000004	8547646.551787	17.658472	4.944089	4.218097	8547084.108791	0.000000	3520.731082	6.715475	
19.052198	35471663.438065	2855029.910773	4063.891218	158.062558	8.919493	0.000008	9022744.517640	25.851489	7.233584	6.175172	9021922.114835	0.000000	5090.536326	10.434938	
20.054945	34994684.044696	2854943.801978	5823.789180	229.397288	13.700090	0.000017	9497955.941633	37.776907	10.524402	9.023810	9496760.120879	0.000000	7318.032448	16.077792	
21.057692	34516833.028121	2854820.880440	8292.665712	330.968677	20.854920	0.000036	9973326.233016	55.010441	15.218232	13.140406	9971598.126923	0.000000	10453.964516	24.550086	
22.060440	34037777.149363	2854646.431115	11738.925527	474.758835	31.443698	0.000073	10448918.607062	79.758072	21.874350	19.051905	10446436.132967	0.000000	14846.286555	37.125922	
23.063187	33557054.887722	2854399.473753	16531.777145	677.755738	47.074668	0.000149	10924822.971403	115.242287	31.289061	27.528072	10921274.139011	0.000000	20977.499514	55.749642	
24.065934	33074069.858736	2854052.342178	23145.982786	962.275005	69.955842	0.000309	11401157.691126	165.781942	44.511510	39.600567	11396112.145055	0.000000	29471.654031	83.099903	
25.068681	32588041.183730	2853568.030669	32199.864464	1358.029272	103.154838	0.000645	11878080.853020	237.263821	62.943948	56.675593	11870950.151099	0.000000	41146.634502	122.916226	
26.071429	32097916.529655	2852896.649906	44526.754332	1905.060572	150.807614	0.001248	12355805.432868	337.636434	88.475530	80.651840	12345788.157143	0.000000	57104.663296	180.243014	
27.074176	31602284.079818	2851969.022655	61234.887605	2658.498610	218.968937	0.002430	12834626.338617	478.238444	123.725022	114.237860	12820626.163187	0.000000	78826.734340	262.514420	
28.076923	31099353.082881	2850695.128074	83720.019457	3689.700061	315.831508	0.004787	13314926.966398	674.134721	172.099756	161.032357	13295464.169231	0.000000	108193.619814	379.835773	
29.079670	30586900.793279	2848960.165352	113700.598200	5089.081755	452.236790	0.009578	13797196.421811	945.006428	237.949920	225.736888	13770302.175275	0.000000	147542.866094	545.659464	
30.082418	30062006.658493	2846612.726862	153433.322232	6975.797139	642.546781	0.018109	14282078.470416	1316.887398	327.002078	314.570493	14245140.181319	0.000000	199946.433327	777.819071	
31.085165	29520929.730745	2843453.188493	205781.731197	9505.819213	906.404279	0.033463	14770423.308815	1825.009138	446.824964	435.949692	14719978.187363	0.000000	269344.893399	1100.847061	
32.087912	28959079.643241	2839225.843844	274206.905597	12876.804082	1270.252843	0.062543	15263324.038248	2516.222167	607.160071	601.067364	15194816.193407	0.000000	360584.319508	1548.049710	
33.090659	28371030.927307	2833618.630022	362750.146227	17327.982449	1767.483033	0.116885	15762119.495872	3449.304112	819.947561	823.966532	15669654.199451	0.000000	479402.243221	2161.744694	
34.093407	27750311.304470	2826244.278233	476152.444307	23152.644670	2441.104184	0.217371	16268483.025105	4700.092224	1100.121934	1122.767502	16144492.205495	0.000000	632658.211802	2996.983360	
35.096154	27088702.311000	2816610.437582	620444.077452	30724.669690	3345.921455	0.385509	16784529.131086	6364.193961	1466.559006	1520.313257	16619330.211538	0.000000	829063.039879	4123.592811	
36.098901	26377233.129979	2804133.202787	801935.261811	40475.947664	4552.011899	0.677253	17312825.386555	8564.257938	1942.209756	2045.914358	17094168.217582	0.000000	1078171.449652	5632.414828	
37.101648	25606372.969117	2788139.328183	1027018.245674	52892.123319	6145.458002	1.189862	17856397.179193	11451.615852	2554.148014	2735.742784	17569006.223626	0.000000	1390187.479074	7636.642211	
38.104396	24766285.046543	2767877.213272	1301941.652983	68501.092518	8227.663873	2.072537	18418700.310511	15206.689877	3333.326090	3632.931796	18043844.229670	0.000000	1775699.510515	10271.699454	
39.107143	23847179.858626	2742512.613293	1632383.508833	87866.970068	10918.689374	3.552275	19003690.732586	20047.298287	4315.210582	4789.566078	18518682.235714	0.000000	2245331.292366	13701.052125	
40.109890	22838855.278117	2711093.141862	2023793.614062	111626.932973	14363.149314	5.911658	19615935.162314	26227.591274	5540.796192	6266.422233	18993520.241758	0.000000	2810237.338262	18119.803900	
41.112637	21735519.344812	2672783.025605	2477281.669726	140266.800991	18712.632507	9.665415	20259923.879745	34029.531969	7050.473210	8130.976020	19468358.247802	0.000000	3477045.381781	23743.185045	
42.115385	20536317.692797	2626888.202821	2989162.954726	174096.341718	24123.836301	15.580700	20940000.119291	43762.550254	8883.396885	10457.324507	19943196.253846	0.000000	4247303.850536	30805.545211	
43.118132	19245328.279492	2572859.598817	3550984.030688	213247.314675	30757.842277	24.675729	21660340.536379	55762.479114	11077.311163	13325.931665	20418034.259890	0.000000	5117483.861801	39559.478896	
44.120879	17872467.531608	2510435.444338	4149328.627680	257571.899523	38757.697393	38.225776	22424271.736790	70358.658492	13662.406529	16815.771871	20892872.265934	0.000000	6077930.758121	50249.487697	
45.123626	16435262.293031	2439785.689667	4764592.571983	306523.424568	48231.446377	57.848240	23233745.086082	87853.555449	16656.602526	20999.482075	21367710.271978	0.000000	7110947.745324	63094.615189	
46.126374	14956935.192413	2361518.439939	5373179.430535	359175.685150	59234.258250	85.427807	24089075.995120	108502.050964	20063.123682	25938.396139	21842548.278022	0.000000	8192704.089627	78267.912600	
47.129121	13465503.492861	2276687.048254	5948584.402878	414233.562360	71759.365061	123.060238	24988771.816069	132497.199389	23868.923130	31679.129759	22317386.284066	0.000000	9294129.174818	95884.528142	
48.131868	12380461.970550	1789677.669530	6478594.055634	463364.757457	85595.057781	241.659521	25525791.513993	563718.061548	28045.402042	38217.851944	22388258.277384	403966.012726	10391342.069810	115917.216325	
49.134615	11368941.913637	1243867.465711	6966221.643663	492517.184834	100392.336829	575.568460	26030367.482068	1072917.531772	32564.623803	45342.249223	22388258.277384	883674.096058	11468964.247210	138247.109042	
50.137363	10379728.496713	789144.151612	7395733.436683	499964.539915	115984.375215	1139.676855	26569648.947487	1512236.431241	37392.743901	52735.200376	22388258.277384	1292607.544739	12503967.529551	162804.435752	
51.140110	9430115.766763	749045.388973	7754870.377133	498412.290211	132172.916554	1803.171143	27138842.610238	1545813.379681	42486.329313	60145.769993	22388258.277384	1295824.671044	13490461.895836	189325.144568	
52.142857	8533180.396040	711947.511066	8036350.721943	497166.275328	148750.267923	2463.483670	27732411.222500	1576103.742235	47795.391594	67538.987701	22388258.277384	1295824.671044	14424495.144466	217538.898195	
53.145604	7698645.510791	675717.589929	8236609.273341	495161.673257	165483.682747	3120.841670	28344482.722141	1606308.777659	53266.810980	74911.117485	22388258.277384	1295824.671044	15295259.950851	247243.176317	
54.148352	6932939.770338	640707.836275	8355493.730726	492079.664184	182108.983655	3768.314448	28969099.069183	1636408.463962	58846.446098	82255.721130	22388258.277384	1295824.671044	16095975.444959	278195.400187	
55.151099	6236340.549456	607205.462329	8399009.099928	487767.288664	198419.789120	4399.634807	29600238.457863	1666300.701303	64480.103632	89546.912897	22388258.277384	1295824.671044	16826077.039787	310138.561021	
56.153846	5607669.069961	575431.055573	8374032.753180	482135.789527	214227.956004	5009.175491	30232439.594710	1695884.705279	70118.626145	96759.274130	22388258.277384	1295824.671044	17486522.926039	342822.876834	
57.156593	5044764.483337	545537.676706	8287794.247994	475149.452044	229357.074543	5591.902898	30860853.904385	1725070.789404	75718.289741	103870.178949	22388258.277384	1295824.671044	18079320.891529	376006.851809	
58.159341	4544483.870739	517610.859651	8147875.327165	466825.603918	243642.468352	6143.377071	31481245.529682	1753780.365110	81240.804063	110859.794250	22388258.277384	1295824.671044	18607528.321183	409457.276293	
59.162088	4102702.242990	491668.611547	7962209.918773	457234.615294	256931.194418	6659.751704	32089991.331527	1781945.941747	86653.312293	117711.079707	22388258.277384	1295824.671044	19075252.197036	442949.226799	
60.164835	3714312.540583	467661.412755	7739084.136180	446499.898750	269082.043105	7137.774142	32684080.888981	1809511.126585	91928.391151	124409.787768	22388258.277384	1295824.671044	19487649.098234	476266.066009	
61.167582	3373225.633683	445472.216854	7487136.278028	434797.909301	279965.538153	7574.785378	33261116.499237	1836430.624810	97044.050899	130944.463657	22388258.277384	1295824.671044	19850925.201035	509199.442767	
62.170330	3072408.725629	424918.402006	7215328.575012	422356.500858	289463.820662	7968.704116	33819303.230922	1862670.006996	101983.647776	137306.386023	22388258.277384	1295824.671044	20172295.923937	541549.351167	
63.173077	2807923.604341	405959.561083	6929636.645757	409280.750809	297501.667058	8317.330585	34356696.476219	1888179.271952	106729.606625	143483.085571	22388258.277384	1295824.671044	20455739.886148	573156.065753	
64.175824	2576105.190923	388556.694486	6634427.575616	395670.672964	304143.857666	8621.640417	34872535.504022	1912908.194192	111275.871773	149462.797942	22388258.277384	1295824.671044	20704961.166163	603950.063410	
65.178571	2371951.150085	372578.938345	6334592.152360	381693.516002	309479.579308	8883.887209	35366841.712794	1936825.150789	115623.405453	155238.507655	22388258.277384	1295824.671044	20925092.963142	633879.933766	
66.181319	2191174.591973	357905.669963	6034258.032766	367496.757839	313587.817886	9106.125981	35839693.976127	1959906.409553	119773.581249	160805.036663	22388258.277384	1295824.671044	21120542.789636	662898.872520	
67.184066	2030204.072172	344426.507817	5736789.742613	353208.105627	316537.358380	9290.213169	36291228.642745	1982136.129034	123728.184090	166159.044353	22388258.277384	1295824.671044	21294992.471583	690964.681448	
68.186813	1886183.591704	332041.311560	5444788.676691	338935.495754	318386.784849	9437.806630	36721639.536503	2003506.358514	127489.410253	171299.027542	22388258.277384	1295824.671044	21451398.148308	718039.768401	
69.189560	1756972.597030	320660.182017	5160093.098792	324767.093842	319184.480430	9550.365640	37131177.956387	2024017.038018	131059.867361	176225.320484	22388258.277384	1295824.671044	21591990.272526	744091.147303	
70.192308	1641145.980046	310203.461189	4883778.141715	310771.294752	318968.627340	9629.150894	37520152.676512	2043675.998303	134442.574386	180940.094862	22388258.277384	1295824.671044	21718273.610337	769090.438155	
71.195055	1537994.078090	300601.732251	4616155.807266	296996.722580	317767.206875	9675.224509	37888929.946124	2062498.960867	137640.961645	185447.359794	22388258.277384	1295824.671044	21831027.241232	793013.867032	
72.197802	1447522.673934	291795.819552	4356774.966255	283472.230657	315597.999408	9689.450017	38237933.489601	2080509.537943	140658.870802	189752.961831	22388258.277384	1295824.671044	21930304.558086	815842.266083	
73.200549	1369551.242404	283729.141898	4105237.491978	270221.751963	312498.168109	9673.105255	38567699.804061	2097732.804897	143501.293448	193863.195987	22388258.277384	1295824.671044	22016342.667271	837569.290047	
74.203297	1300149.475468	276317.492772	3864388.112352	257323.192164	308638.186393	9630.305515	38879134.631732	2114169.732398	146177.594056	197779.277151	22388258.277384	1295824.671044	22093156.083332	858238.108842	
75.206044	1237942.125877	269501.914795	3634664.471028	244807.580084	304106.941777	9563.555738	39173078.600699	2129840.359060	148695.860618	201506.590323	22388258.277384	1295824.671044	22162179.010900	877880.549081	
76.208791	1182103.089296	263231.222113	3416014.221969	232694.149221	298975.893627	9474.981883	39450331.124249	2144768.350436	151063.670859	205051.296347	22388258.277384	1295824.671044	22224288.740163	896525.861742	
77.211538	1131883.981164	257457.985759	3208326.505426	220998.169772	293314.571112	9366.646466	39711674.505474	2158977.602137	153288.436824	208419.595865	22388258.277384	1295824.671044	22280281.084649	914204.538623	
78.214286	1086614.136695	252138.533652	3011431.947946	209730.948632	287190.573206	9240.548559	39957873.937268	2172492.239835	155377.404885	211617.729322	22388258.277384	1295824.671044	22330870.381226	930948.312342	
79.217033	1045700.610875	247232.950595	2825102.662370	198899.829399	280669.568684	9098.623790	40189677.502334	2185336.619258	157337.655737	214651.976958	22388258.277384	1295824.671044	22376689.490102	946790.156335	
80.219780	1008628.178469	242705.078279	2649052.247831	188508.192367	273815.296126	8942.744343	40407816.173177	2197535.326196	159176.104397	217528.658815	22388258.277384	1295824.671044	22418289.794825	961764.284858	
81.222527	974959.334010	238522.515278	2482935.789755	178555.454533	266689.563917	8774.718959	40613003.812109	2209113.176496	160899.500209	220254.134734	22388258.277384	1295824.671044	22456141.202284	975906.152988	
82.225275	944334.291811	234656.617053	2326349.859863	169037.069591	259352.250243	8596.292935	40805937.171244	2220095.216065	162514.426838	222834.804357	22388258.277384	1295824.671044	22490632.142709	989252.456620	
83.228022	916456.541747	231081.700370	2178834.248114	159945.229151	251864.113152	8409.210279	40987305.685052	2230506.734883	164027.411934	225277.125317	22388258.277384	1295824.671044	22522084.809454	1001841.486388	
84.230769	890968.707597	227769.029647	2039937.035698	151274.666456	244297.006284	8215.479514	41157839.813752	2240373.170659	165445.436670	227587.653724	22388258.277384	1295824.671044	22550885.314329	1013713.633289	
85.233516	867654.913717	224699.121957	1909264.665422	143013.002326	236676.336692	8016.135094	41318118.326011	2249719.207604	166773.758158	229772.533019	22388258.277384	1295824.671044	22577269.015899	1024902.352406	
86.236264	846345.488473	221855.454616	1786433.759934	135146.161966	229018.748582	7811.997494	41468672.855879	2258568.723116	168017.147132	231837.662808	22388258.277384	1295824.671044	22601422.108483	1035439.172430	
87.239011	826877.407185	219222.145629	1671067.546331	127660.366241	221342.296236	7603.889938	41610020.490234	2266944.836038	169180.260014	233788.762154	22388258.277384	1295824.671044	22623523.498759	1045355.063456	
88.241758	809094.292122	216783.953687	1562795.856162	120542.131667	213666.444013	7392.638398	41742663.768784	2274869.906664	170267.638919	235631.369584	22388258.277384	1295824.671044	22643744.805763	1054680.436978	
89.244505	792846.412507	214526.278174	1461255.125425	113778.270417	206012.066349	7179.071590	41867090.684070	2282365.536736	171283.711648	237370.843083	22388258.277384	1295824.671044	22662250.360891	1063445.145896	
90.247253	777990.684514	212435.159161	1366088.394567	107355.890318	198401.447757	6964.020980	41983774.681465	2289452.569443	172232.791698	239012.360097	22388258.277384	1295824.671044	22679197.207897	1071678.484508	
91.250000	764390.671268	210497.277408	1276945.308487	101262.394855	190858.282825	6748.320781	42093174.659170	2296151.089423	173119.078251	240560.917532	22388258.277384	1295824.671044	22694735.102896	1079409.188518	
92.252747	751916.582846	208699.954366	1193482.116533	95485.483166	183407.676221	6532.807953	42195734.968219	2302480.422762	173946.656181	242021.331754	22388258.277384	1295824.671044	22709006.514360	1086665.435030	
93.255495	740445.276280	207031.152172	1115361.672502	90013.150044	176076.142687	6318.322202	42291885.412478	2308459.136993	174719.496053	243398.238589	22388258.277384	1295824.671044	22722146.623121	1093474.842551	
94.258242	729860.255549	205479.473655	1042253.434643	84833.685938	168891.607044	6105.705983	42382041.248641	2314105.041099	175441.454123	244696.093325	22388258.277384	1295824.671044	22734283.322368	1099864.470988	
95.260989	720051.671587	204034.162332	973833.465655	79935.676954	161883.404187	5895.804498	42466603.186237	2319435.185510	176116.272334	245919.170707	22388258.277384	1295824.671044	22745537.217654	1105860.821654	
96.263736	710916.322279	202685.102408	909784.432685	75308.004849	155082.279090	5689.465694	42545957.387624	2324465.862105	176747.578323	247071.564944	22388258.277384	1295824.671044	22756021.626885	1111489.837260	
97.266484	702386.164265	201424.259367	849799.124655	70937.643437	148506.304485	5487.300714	42620457.797472	2329213.459660	177338.609123	248157.336822	22388258.277384	1295824.671044	22765812.627940	1116775.948731	
98.269231	694472.831487	200248.441243	793630.309901	66807.325658	142130.384544	5289.104275	42690363.077011	2333694.697708	177891.397057	249180.431116	22388258.277384	1295824.671044	22774901.778842	1121737.671747	
99.271978	687140.285337	199152.741027	741074.905693	62905.193888	135947.145136	5094.899020	42755917.658992	2337923.085792	178408.004843	250144.080273	22388258.277384	1295824.671044	22783330.025208	1126391.796536	
100.274725	680349.821565	198132.225294	691935.316772	59220.100553	129951.927692	4904.746075	42817360.463114	2341911.543153	178890.470857	251051.384924	22388258.277384	1295824.671044	22791141.004714	1130754.741664	
101.277473	674063.963609	197182.115242	646018.674383	55741.274136	124141.081758	4718.717796	42874923.498138	2345672.549444	179340.782113	251905.343382	22388258.277384	1295824.671044	22798376.972721	1134842.504600	
102.280220	668246.462592	196297.786698	603136.836274	52458.319170	118511.964992	4536.897771	42928831.861881	2349218.144729	179760.874262	252708.851633	22388258.277384	1295824.671044	22805078.802283	1138670.661717	
103.282967	662862.297323	195474.770111	563106.386700	49361.216245	113062.943164	4359.380817	42979303.741220	2352559.929482	180152.631593	253464.703345	22388258.277384	1295824.671044	22811285.984138	1142254.368289	
104.285714	657877.674296	194708.750559	525748.636419	46440.322003	107793.390158	4186.272986	43026550.412093	2355709.064591	180517.887035	254175.589860	22388258.277384	1295824.671044	22817036.626717	1145608.358492	
105.288462	653260.027693	193995.567744	490889.622694	43686.369143	102703.687969	4017.691557	43070776.239494	2358676.271353	180858.422150	254844.100202	22388258.277384	1295824.671044	22822367.456135	1148746.945404	
106.291209	648978.019379	193331.215992	458360.109292	41090.466416	97795.226708	3853.765043	43112178.677478	2361471.831479	181175.967142	255472.721070	22388258.277384	1295824.671044	22827313.816201	1151684.021007	
107.293956	645001.538908	192711.844256	427995.586486	38644.098627	93070.404594	3694.633188	43150948.269160	2364105.587088	181472.200852	256063.836841	22388258.277384	1295824.671044	22831909.668409	1154433.056183	
108.296703	641301.703516	192133.756115	399636.271052	36339.126636	88532.627964	3540.446965	43187268.646713	2366586.940714	181748.750756	256619.729570	22388258.277384	1295824.671044	22836187.591942	1157007.100719	
109.299451	637850.858128	191593.409772	373127.106271	34167.787356	84186.311263	3391.368581	43221316.531367	2368924.855299	182007.192970	257142.578992	22388258.277384	1295824.671044	22840178.783672	1159418.783302	
110.302198	634622.595494	191087.419678	348317.799571	32122.691699	80036.853134	3247.571031	43253261.700051	2371127.854992	182249.051750	257634.462601	22388258.277384	1295824.671044	22843913.036401	1161680.309276	
111.304945	631603.372520	190613.559221	325091.303125	30196.022474	76076.598291	3108.966113	43283241.272459	2373204.135216	182475.453605	258097.316976	22388258.277384	1295824.671044	22847406.119832	1163801.634134	
112.307692	628787.263914	190170.506037	303371.367584	28380.974827	72289.891082	2975.265633	43311352.370029	2375160.544347	182687.107391	258532.709156	22388258.277384	1295824.671044	22850665.281621	1165789.705185	
113.310440	626162.792129	189756.569042	283078.113178	26671.850551	68668.515909	2846.307603	43337693.777604	2377003.208911	182884.801179	258942.063894	22388258.277384	1295824.671044	22853703.690401	1167651.512644	
114.313187	623718.726162	189370.095644	264133.188059	25063.128008	65204.894951	2721.942269	43362361.883095	2378738.069601	183069.307733	259326.764478	22388258.277384	1295824.671044	22856534.229767	1169393.891830	
115.315934	621444.081553	189009.471738	246459.768295	23549.462132	61892.088162	2602.032115	43385450.677482	2380370.881284	183241.384508	259688.152730	22388258.277384	1295824.671044	22859169.498281	1171023.523166	
116.318681	619328.120387	188673.121714	229982.557872	22125.684422	58723.793275	2486.451863	43407051.754812	2381907.212995	183401.773654	260027.529006	22388258.277384	1295824.671044	22861621.809471	1172546.932180	
117.321429	617360.351291	188359.508450	214627.788695	20786.802952	55694.345799	2375.088467	43427254.312201	2383352.447937	183551.202013	260346.152193	22388258.277384	1295824.671044	22863903.191831	1173970.489499	
118.324176	615530.529437	188067.133316	200323.220589	19528.002363	52798.719021	2267.841121	43446145.149833	2384711.783486	183690.381121	260645.239714	22388258.277384	1295824.671044	22866025.388819	1175300.410857	
119.326923	613828.656540	187794.536174	186998.141293	18344.643864	50032.524003	2164.621252	43463808.670958	2385990.231186	183820.007205	260925.967524	22388258.277384	1295824.671044	22867999.858858	1176542.757091	
120.329670	612244.980859	187540.295373	174583.366469	17232.265237	47392.009586	2065.352527	43480326.881898	2387192.616752	183940.761188	261189.470111	22388258.277384	1295824.671044	22869837.775340	1177703.434140	
121.332418	610769.997197	187303.027757	163011.239694	16186.580832	44874.062387	1969.970844	43495779.392039	2388323.580068	184053.308683	261436.840498	22388258.277384	1295824.671044	22871550.026618	1178788.193047	
122.335165	609394.446899	187081.388659	152215.632465	15203.481569	42476.206799	1878.424343	43510243.413837	2389387.575188	184158.300000	261669.130240	22388258.277384	1295824.671044	22873147.216014	1179802.629959	
123.337912	608109.317856	186874.071902	142131.944197	14279.034938	40196.604993	1790.673396	43523793.762817	2390388.870336	184256.370137	261887.349428	22388258.277384	1295824.671044	22874639.661814	1180752.186126	
124.340659	606905.844501	186679.809802	132697.102221	13409.484997	38034.056917	1706.690613	43536502.857571	2391331.547906	184348.138790	262092.466682	22388258.277384	1295824.671044	22876037.397269	1181642.147901	
125.343407	605775.911264	186497.418892	123851.634457	12591.259802	35987.299353	1626.445162	43548438.965941	2392219.477233	184434.188986	262285.398911	22388258.277384	1295824.671044	22877349.721416	1182477.509025	
126.346154	604717.429875	186326.433793	115569.671251	11821.302370	34046.190118	1549.698858	43559639.946861	2393055.739705	184514.761895	262466.825274	22388258.277384	1295824.671044	22878579.187905	1183260.910721	
127.348901	603727.777541	186166.386354	107827.704066	11097.148635	32203.362481	1476.260950	43570139.072978	2393842.892922	184590.082934	262637.311140	22388258.277384	1295824.671044	22879728.887678	1183994.661477	
128.351648	602803.287812	186016.699694	100597.522079	10416.437445	30453.802244	1405.992502	43579972.960783	2394583.447356	184660.427083	262797.423002	22388258.277384	1295824.671044	22880803.064066	1184681.345098	
129.354396	601940.358722	185876.807842	93851.341360	9776.872677	28792.774972	1338.761720	43589177.459862	2395279.845050	184726.065084	262947.712711	22388258.277384	1295824.671044	22881805.885008	1185323.496686	
130.357143	601135.452796	185746.155730	87561.804869	9176.223228	27215.825994	1274.443950	43597787.652899	2395934.459614	184787.263442	263088.717478	22388258.277384	1295824.671044	22882741.443046	1185923.602635	
131.359890	600385.097042	185624.199199	81701.982461	8612.323023	25718.780405	1212.921680	43605837.855671	2396549.596227	184844.284420	263220.959871	22388258.277384	1295824.671044	22883613.755330	1186484.100632	
132.362637	599685.882958	185510.404999	76245.370881	8083.071008	24297.743063	1154.084537	43613361.617054	2397127.491634	184897.386045	263344.947822	22388258.277384	1295824.671044	22884426.763616	1187007.379656	
133.365385	599034.466526	185404.250783	71165.893765	7586.431156	22949.098591	1097.829292	43620391.719015	2397670.314152	184946.822103	263461.174617	22388258.277384	1295824.671044	22885184.334264	1187495.779983	
134.368132	598427.568217	185305.225114	66437.901642	7120.432463	21669.511375	1044.059855	43626960.176621	2398180.163663	184992.842144	263570.118905	22388258.277384	1295824.671044	22885890.258241	1187951.593179	
135.370879	597861.972989	185212.827462	62036.171934	6683.168949	20455.925568	992.687277	43633098.238032	2398659.071618	185035.691477	263672.244695	22388258.277384	1295824.671044	22886548.251121	1188377.062105	
136.373626	597334.530287	185126.568203	57935.908951	6272.799659	19305.565084	943.629749	43638836.384505	2399109.001038	185075.611174	263768.001351	22388258.277384	1295824.671044	22887161.953082	1188774.380915	
137.376374	596842.154042	185045.968621	54112.743899	5887.548662	18215.933604	896.812606	43644204.330390	2399531.846509	185112.838065	263857.823602	22388258.277384	1295824.671044	22887734.928910	1189145.695057	
138.379121	596381.822672	184970.560906	50542.734873	5525.705052	17184.814572	852.168321	43649231.023137	2399929.434189	185147.604746	263942.131532	22388258.277384	1295824.671044	22888270.667994	1189493.101270	
139.381868	595950.579083	184899.888157	47202.366862	5185.622946	16210.271198	809.636510	43653944.643288	2400303.521800	185180.139570	264021.330587	22388258.277384	1295824.671044	22888772.584333	1189818.647590	
140.384615	595545.530668	184833.504378	44068.551745	4865.721487	15290.646453	769.163928	43658372.604482	2400655.798636	185210.666653	264095.811571	22388258.277384	1295824.671044	22889244.016527	1190124.333343	
141.387363	595165.077473	184771.143063	41128.074225	4564.735349	14422.595959	730.650231	43662532.938547	2400987.601515	185239.313796	264165.869842	22388258.277384	1295824.671044	22889686.831037	1190411.421117	
142.390110	594808.848873	184712.716998	38377.683041	4281.826685	13601.776076	693.962635	43666433.579768	2401299.809918	185266.112241	264231.683764	22388258.277384	1295824.671044	22890101.485701	1190680.394210	
143.392857	594475.611884	184658.026421	35807.779976	4016.079123	12825.755376	659.018868	43670087.697341	2401593.407046	185291.155422	264293.468542	22388258.277384	1295824.671044	22890489.413267	1190932.168773	
144.395604	594164.151419	184606.874710	33408.876796	3766.598228	12092.208805	625.740072	43673508.227314	2401869.352442	185314.535667	264351.434548	22388258.277384	1295824.671044	22890852.025444	1191167.646703	
145.398352	593873.271999	184559.068620	31171.608208	3532.511792	11398.914656	594.050725	43676707.861061	2402128.581649	185336.344076	264405.787215	22388258.277384	1295824.671044	22891190.710954	1191387.714708	
146.401099	593601.797760	184514.418278	29086.731856	3312.969834	10743.754575	563.878641	43679699.045288	2402372.006208	185356.670520	264456.727039	22388258.277384	1295824.671044	22891506.835534	1191593.244314	
147.403846	593348.572447	184472.737187	27145.128327	3107.144601	10124.713556	535.154967	43682493.982031	2402600.513661	185375.603639	264504.449584	22388258.277384	1295824.671044	22891801.741938	1191785.091861	
148.406593	593112.459417	184433.842223	25337.801144	2914.230569	9539.879944	507.814187	43685104.628652	2402814.967548	185393.230843	264549.145473	22388258.277384	1295824.671044	22892076.749932	1191964.098505	
149.409341	592892.341638	184397.553637	23655.876771	2733.444440	8987.445433	481.794119	43687542.697844	2403016.207410	185409.638314	264591.000395	22388258.277384	1295824.671044	22892333.156297	1192131.090214	
150.412088	592687.121690	184363.695054	22090.604611	2564.025143	8465.705069	457.035916	43689819.657629	2403205.048785	185424.911002	264630.195101	22388258.277384	1295824.671044	22892572.234829	1192286.877774	
151.414835	592495.721761	184332.093473	20633.357006	2405.233837	7973.057245	433.484068	43691946.731358	2403382.283214	185439.132630	264666.905408	22388258.277384	1295824.671044	22892795.236338	1192432.256786	
152.417582	592317.083655	184302.579267	19275.629237	2256.353906	7508.003707	411.086398	43693934.897711	2403548.678234	185452.385690	264701.302194	22388258.277384	1295824.671044	22893003.388650	1192568.007664	
153.420330	592150.168783	184274.986185	18009.039527	2116.690964	7069.149549	389.794064	43695794.890698	2403704.977384	185464.751443	264733.551403	22388258.277384	1295824.671044	22893197.896604	1192694.895639	
154.423077	591993.958170	184249.151348	16825.329034	1985.572851	6655.203215	369.561561	43697537.199657	2403851.900200	185476.309923	264763.814040	22388258.277384	1295824.671044	22893379.942054	1192813.670757	
155.425824	591847.452451	184224.915253	15716.361859	1862.349635	6264.976501	350.346717	43699172.069256	2403990.142218	185487.139933	264792.246177	22388258.277384	1295824.671044	22893550.683868	1192925.067877	
156.428571	591709.688484	184202.124248	14674.270408	1746.399354	5897.366149	332.110036	43700709.357311	2404120.369001	185497.317648	264818.997361	22388258.277384	1295824.671044	22893711.238840	1193029.795474	
157.431319	591580.367515	184180.724883	13696.950887	1637.360402	5550.761239	314.792588	43702153.056566	2404242.974507	185506.863793	264844.147621	22388258.277384	1295824.671044	22893861.959174	1193128.107124	
158.434066	591459.265173	184160.676917	12782.911236	1534.949662	5223.840178	298.343290	43703506.190237	2404358.270827	185515.793176	264867.759305	22388258.277384	1295824.671044	22894003.109482	1193220.191310	
159.436813	591345.961465	184141.911389	11928.927944	1438.829032	4915.591068	282.721893	43704773.382298	2404466.626786	185524.137225	264889.910900	22388258.277384	1295824.671044	22894135.178719	1193306.365515	
160.439560	591240.043140	184124.360496	11131.818999	1348.668105	4625.037777	267.889571	43705959.173129	2404568.402642	185531.926954	264910.679186	22388258.277384	1295824.671044	22894258.647936	1193386.942042	
161.442308	591141.103694	184107.957593	10388.443888	1264.144174	4351.239943	253.808917	43707068.019514	2404663.950081	185539.192961	264930.139235	22388258.277384	1295824.671044	22894373.990286	1193462.228012	
162.445055	591048.743364	184092.637194	9695.703597	1184.942225	4093.292968	240.443947	43708104.294644	2404753.612219	185545.965427	264948.364414	22388258.277384	1295824.671044	22894481.671014	1193532.525366	
163.447802	590962.569135	184078.334971	9050.540611	1110.754947	3850.328023	227.760100	43709072.288114	2404837.723604	185552.274116	264965.426379	22388258.277384	1295824.671044	22894582.147467	1193598.130867	
164.450549	590882.194733	184064.987754	8449.938915	1041.282722	3621.512046	215.724233	43709976.205928	2404916.610211	185558.148379	264981.395080	22388258.277384	1295824.671044	22894675.869086	1193659.336094	
165.453297	590807.240630	184052.533531	7890.923991	976.233632	3406.047742	204.304630	43710820.170490	2404990.589447	185563.617148	264996.338760	22388258.277384	1295824.671044	22894763.277411	1193716.427447	
166.456044	590737.334042	184040.911450	7370.562821	915.323455	3203.173583	193.470993	43711608.220614	2405059.970148	185568.708939	265010.323954	22388258.277384	1295824.671044	22894844.806080	1193769.686148	
167.458791	590672.108931	184030.061814	6885.963889	858.275668	3012.163810	183.194446	43712344.311519	2405125.052582	185573.451852	265023.415489	22388258.277384	1295824.671044	22894920.880827	1193819.388235	
168.461538	590611.205999	184019.926089	6434.277172	804.821445	2832.328429	173.447537	43713032.314826	2405186.128444	185577.873573	265035.676486	22388258.277384	1295824.671044	22894991.919485	1193865.804566	
169.464286	590554.272696	184010.446894	6012.694153	754.699655	2663.013215	164.204233	43713676.018567	2405243.480861	185582.001369	265047.168356	22388258.277384	1295824.671044	22895058.331982	1193909.200822	
170.467033	590500.963215	184001.568010	5618.447808	707.656868	2503.599710	155.439926	43714279.127175	2405297.384390	185585.862093	265057.950806	22388258.277384	1295824.671044	22895120.520347	1193949.837500	
171.469780	590450.938494	183993.234375	5248.812615	663.447350	2353.505221	147.131427	43714845.261490	2405348.105016	185589.482180	265068.081832	22388258.277384	1295824.671044	22895178.878703	1193987.969918	
172.472527	590403.888233	183985.395517	4901.301565	621.843569	2212.176181	139.256457	43715377.748261	2405395.889420	185592.885760	265077.615037	22388258.277384	1295824.671044	22895233.767822	1194023.832125	
173.475275	590359.752392	183978.040227	4575.634183	582.747025	2079.061538	131.789900	43715877.476116	2405440.851274	185596.075771	265086.571575	22388258.277384	1295824.671044	22895285.258953	1194057.474259	
174.478022	590318.424845	183971.150484	4271.078294	546.050061	1953.726565	124.711534	43716345.710851	2405483.112244	185599.059444	265094.975677	22388258.277384	1295824.671044	22895333.476243	1194088.978443	
175.480769	590279.760637	183964.702287	3986.544665	511.629126	1835.769742	118.002987	43716784.077530	2405522.809806	185601.847426	265102.855795	22388258.277384	1295824.671044	22895378.588648	1194118.454930	
176.483516	590243.617253	183958.672050	3720.959224	479.363407	1724.801953	111.646478	43717194.171359	2405560.078294	185604.450211	265110.239770	22388258.277384	1295824.671044	22895420.762270	1194146.012108	
177.486264	590209.854612	183953.036608	3473.263069	449.134826	1620.446488	105.624823	43717577.557689	2405595.048908	185606.878142	265117.154835	22388258.277384	1295824.671044	22895460.160352	1194171.756501	
178.489011	590178.335074	183947.773213	3242.412463	420.828040	1522.339036	99.921425	43717935.772016	2405627.849705	185609.141410	265123.627617	22388258.277384	1295824.671044	22895496.943285	1194195.792769	
179.491758	590148.923438	183942.859533	3027.378834	394.330446	1430.127693	94.520284	43718270.319982	2405658.605604	185611.250053	265129.684133	22388258.277384	1295824.671044	22895531.268601	1194218.223704	
180.494505	590121.486939	183938.273656	2827.148778	369.532175	1343.472954	89.405991	43718582.677369	2405687.438386	185613.213959	265135.349791	22388258.277384	1295824.671044	22895563.290977	1194239.150238	
181.497253	590095.895250	183933.994088	2640.724056	346.326093	1262.047721	84.563731	43718874.290110	2405714.466693	185615.042864	265140.649394	22388258.277384	1295824.671044	22895593.162234	1194258.671435	
182.500000	590072.020483	183929.999752	2467.121594	324.607806	1185.537297	79.979280	43719146.574277	2405739.806028	185616.746349	265145.607133	22388258.277384	1295824.671044	22895621.031337	1194276.884495	
183.502747	590049.737187	183926.269989	2305.373486	304.275655	1113.639388	75.639009	43719400.916091	2405763.568754	185618.333848	265150.246594	22388258.277384	1295824.671044	22895647.044396	1194293.884753	
184.505495	590028.922351	183922.784558	2154.526991	285.230716	1046.064104	71.529879	43719638.671914	2405785.864096	185619.814640	265154.590752	22388258.277384	1295824.671044	22895671.344664	1194309.765680	
185.508242	590009.455400	183919.523635	2013.644535	267.376802	982.533958	67.639446	43719861.168255	2405806.798141	185621.197852	265158.661976	22388258.277384	1295824.671044	22895694.072537	1194324.618883	
186.510989	589991.218198	183916.467817	1881.803709	250.620465	922.783865	63.955857	43720069.701767	2405826.473836	185622.492461	265162.482026	22388258.277384	1295824.671044	22895715.365558	1194338.534102	
187.513736	589974.095047	183913.598114	1758.097271	234.870989	866.561144	60.467855	43720265.539246	2405844.990988	185623.707291	265166.072053	22388258.277384	1295824.671044	22895735.358411	1194351.599214	
188.516484	589957.994981	183910.899509	1641.828213	220.053294	813.635946	57.164724	43720449.691720	2405862.433042	185624.849139	265169.449431	22388258.277384	1295824.671044	22895754.157082	1194363.883475	
189.519231	589942.905370	183908.369533	1532.971199	206.140828	763.842041	54.036884	43720622.363058	2405878.833000	185625.918332	265172.619755	22388258.277384	1295824.671044	22895771.776669	1194375.397106	
190.521978	589928.779124	183906.000301	1431.187212	193.090031	717.021423	51.075996	43720784.094039	2405894.240729	185626.918201	265175.592944	22388258.277384	1295824.671044	22895788.272148	1194386.176056	
191.524725	589915.565772	183903.783402	1336.105147	180.855941	673.019137	48.274008	43720935.457560	2405908.707361	185627.852384	265178.379289	22388258.277384	1295824.671044	22895803.702399	1194396.258800	
192.527473	589903.215737	183901.710578	1247.359517	169.394583	631.684604	45.623113	43721077.015682	2405922.282865	185628.724459	265180.988861	22388258.277384	1295824.671044	22895818.125257	1194405.683133	
193.530220	589891.680333	183899.773726	1164.590452	158.662970	592.871621	43.115752	43721209.319643	2405935.016041	185629.537952	265183.431511	22388258.277384	1295824.671044	22895831.597514	1194414.486167	
194.532967	589880.911765	183897.964892	1087.443696	148.619105	556.438361	40.744609	43721332.909847	2405946.954523	185630.296331	265185.716871	22388258.277384	1295824.671044	22895844.174916	1194422.704332	
195.535714	589870.863131	183896.276278	1015.570615	139.221977	522.247375	38.502618	43721448.315873	2405958.144777	185631.003007	265187.854351	22388258.277384	1295824.671044	22895855.912163	1194430.373377	
196.538462	589861.488421	183894.700238	948.628189	130.431563	490.165588	36.382956	43721556.056466	2405968.632101	185631.661337	265189.853143	22388258.277384	1295824.671044	22895866.862914	1194437.528371	
197.541209	589852.742515	183893.229278	886.279015	122.208829	460.064303	34.379048	43721656.639547	2405978.460629	185632.274620	265191.722217	22388258.277384	1295824.671044	22895877.079779	1194444.203700	
198.543956	589844.581188	183891.856058	828.191309	114.515729	431.819199	32.484563	43721750.562205	2405987.673324	185632.846100	265193.470325	22388258.277384	1295824.671044	22895886.614326	1194450.433070	
199.546703	589836.961104	183890.573391	774.038902	107.315206	405.310331	30.693419	43721838.310699	2405996.311987	185633.378964	265195.105998	22388258.277384	1295824.671044	22895895.517077	1194456.249503	
200.549451	589829.839820	183889.374241	723.501244	100.571188	380.422130	28.999777	43721920.360461	2406004.417246	185633.876344	265196.637548	22388258.277384	1295824.671044	22895903.837510	1194461.685343	
201.552198	589823.175786	183888.251728	676.263401	94.248594	357.043406	27.398048	43721997.176093	2406012.028566	185634.341315	265198.073064	22388258.277384	1295824.671044	22895911.624058	1194466.772250	
202.554945	589816.928341	183887.199122	632.016055	88.313330	335.067341	25.882884	43722069.211368	2406019.184245	185634.776895	265199.420420	22388258.277384	1295824.671044	22895918.924109	1194471.541205	
203.557692	589811.057776	183886.209856	590.455986	82.732327	314.391554	24.449189	43722136.908642	2406025.921373	185635.186043	265200.687256	22388258.277384	1295824.671044	22895925.783941	1194476.022461	
204.560440	589805.545049	183885.280707	551.452616	77.486566	294.940720	23.092550	43722200.491566	2406032.262315	185635.570049	265201.877861	22388258.277384	1295824.671044	22895932.225817	1194480.230584	
205.563187	589800.381563	183884.410163	514.958292	72.565069	276.661044	21.809367	43722260.069702	2406038.220757	185635.929399	265202.994645	22388258.277384	1295824.671044	22895938.259847	1194484.172185	
206.565934	589795.549316	183883.595206	480.843579	67.951150	259.492207	20.596098	43722315.849533	2406043.816141	185636.265365	265204.041405	22388258.277384	1295824.671044	22895943.907050	1194487.860999	
207.568681	589791.030632	183882.832875	448.981115	63.628486	243.375461	19.449307	43722368.033595	2406049.067472	185636.579198	265205.021860	22388258.277384	1295824.671044	22895949.188066	1194491.310513	
208.571429	589786.808161	183882.120263	419.245612	59.581112	228.253620	18.365657	43722416.820480	2406053.993318	185636.872127	265205.939649	22388258.277384	1295824.671044	22895954.123149	1194494.533967	
209.574176	589782.864880	183881.454521	391.513848	55.793423	214.071068	17.341914	43722462.404840	2406058.611811	185637.145364	265206.798331	22388258.277384	1295824.671044	22895958.732171	1194497.544348	
210.576923	589779.184094	183880.832855	365.664679	52.250172	200.773754	16.374947	43722504.977378	2406062.940643	185637.400096	265207.601383	22388258.277384	1295824.671044	22895963.034623	1194500.354394	
211.579670	589775.749431	183880.252528	341.579027	48.936475	188.309194	15.461724	43722544.724855	2406066.997070	185637.637493	265208.352203	22388258.277384	1295824.671044	22895967.049613	1194502.976596	
212.582418	589772.544850	183879.710858	319.139890	45.837804	176.626470	14.599318	43722581.830088	2406070.797911	185637.858702	265209.054110	22388258.277384	1295824.671044	22895970.795864	1194505.423192	
213.585165	589769.554634	183879.205219	298.232335	42.939991	165.676232	13.784903	43722616.471949	2406074.359546	185638.064850	265209.710341	22388258.277384	1295824.671044	22895974.291720	1194507.706175	
214.587912	589766.763391	183878.733042	278.743502	40.229229	155.410695	13.015754	43722648.825369	2406077.697920	185638.257043	265210.324054	22388258.277384	1295824.671044	22895977.555139	1194509.837283	
215.590659	589764.156060	183878.291814	260.562601	37.692070	145.783642	12.289250	43722679.061330	2406080.828538	185638.436367	265210.898327	22388258.277384	1295824.671044	22895980.603698	1194511.828011	
216.593407	589761.717902	183877.879077	243.580916	35.315425	136.750421	11.602870	43722707.346873	2406083.766471	185638.603888	265211.436158	22388258.277384	1295824.671044	22895983.454593	1194513.689598	
217.596154	589759.434508	183877.492430	227.691801	33.086564	128.267947	10.954195	43722733.845096	2406086.526348	185638.760648	265211.940463	22388258.277384	1295824.671044	22895986.124635	1194515.433039	
218.598901	589757.291793	183877.129528	212.790683	30.993118	120.294704	10.340910	43722758.715149	2406089.122365	185638.907672	265212.414080	22388258.277384	1295824.671044	22895988.630252	1194517.069075	
219.601648	589755.277684	183876.788354	198.788836	29.024288	112.793509	9.760873	43722782.094142	2406091.567006	185639.045830	265212.859479	22388258.277384	1295824.671044	22895990.985534	1194518.606920	
220.604396	589753.389574	183876.468441	185.673718	27.176359	105.745041	9.212531	43722804.016416	2406093.865200	185639.175251	265213.277468	22388258.277384	1295824.671044	22895993.193556	1194520.048575	
221.607143	589751.621846	183876.168837	173.406749	25.443741	99.127431	8.694388	43722824.547656	2406096.023726	185639.296318	265213.669308	22388258.277384	1295824.671044	22895995.260890	1194521.398329	
222.609890	589749.968162	183875.888473	161.943191	23.820387	92.918110	8.204961	43722843.761066	2406098.049809	185639.409470	265214.036371	22388258.277384	1295824.671044	22895997.194937	1194522.661019	
223.612637	589748.422306	183875.626302	151.239064	22.300380	87.095076	7.742807	43722861.728412	2406099.950512	185639.515141	265214.379998	22388258.277384	1295824.671044	22895999.002964	1194523.841392	
224.615385	589746.978180	183875.381299	141.251148	20.877934	81.636892	7.306530	43722878.520023	2406101.732732	185639.613757	265214.701505	22388258.277384	1295824.671044	22896000.692093	1194524.944102	
225.618132	589745.629806	183875.152457	131.936983	19.547396	76.522687	6.894771	43722894.204789	2406103.403202	185639.705735	265215.002174	22388258.277384	1295824.671044	22896002.269309	1194525.973712	
226.620879	589744.371326	183874.938792	123.254871	18.303242	71.732155	6.506216	43722908.850164	2406104.968489	185639.791485	265215.283262	22388258.277384	1295824.671044	22896003.741455	1194526.934693	
227.623626	589743.196999	183874.739337	115.163870	17.140081	67.245560	6.139592	43722922.522162	2406106.434998	185639.871409	265215.545992	22388258.277384	1295824.671044	22896005.115236	1194527.831427	
228.626374	589742.101207	183874.553150	107.623801	16.052654	63.043727	5.793669	43722935.285359	2406107.808966	185639.945904	265215.791562	22388258.277384	1295824.671044	22896006.397215	1194528.668203	
229.629121	589741.078450	183874.379306	100.595245	15.035830	59.108052	5.467259	43722947.202896	2406109.096467	185640.015357	265216.021139	22388258.277384	1295824.671044	22896007.593817	1194529.449219	
230.631868	589740.123345	183874.216902	94.039541	14.084613	55.420493	5.159215	43722958.336474	2406110.303411	185640.080147	265216.235860	22388258.277384	1295824.671044	22896008.711325	1194530.178581	
231.634615	589739.230633	183874.065056	87.918789	13.194135	51.963576	4.868433	43722968.746355	2406111.435542	185640.140647	265216.436834	22388258.277384	1295824.671044	22896009.755883	1194530.860306	
232.637363	589738.395171	183873.922905	82.195848	12.359663	48.720394	4.593851	43722978.491365	2406112.498441	185640.197221	265216.625140	22388258.277384	1295824.671044	22896010.733496	1194531.498318	
233.640110	589737.611937	183873.789608	76.834339	11.576592	45.674605	4.334450	43722987.628892	2406113.497522	185640.250227	265216.801828	22388258.277384	1295824.671044	22896011.650027	1194532.096451	
234.642857	589736.876060	183873.664350	71.798903	10.840476	42.810501	4.089254	43722996.214524	2406114.438008	185640.300012	265216.967913	22388258.277384	1295824.671044	22896012.511162	1194532.658420	
235.645604	589736.185364	183873.546757	67.075263	10.149008	40.118514	3.857519	43723004.274141	2406115.322805	185640.346717	265217.123910	22388258.277384	1295824.671044	22896013.319450	1194533.185888	
236.648352	589735.538479	183873.436593	62.654987	9.500621	37.591698	3.638647	43723011.824408	2406116.153970	185640.390428	265217.270169	22388258.277384	1295824.671044	22896014.076500	1194533.679904	
237.651099	589734.933124	183873.333470	58.522254	8.893077	35.221472	3.432009	43723018.891850	2406116.934250	185640.431300	265217.407196	22388258.277384	1295824.671044	22896014.784978	1194534.142209	
238.653846	589734.367061	183873.237009	54.661524	8.324185	32.999466	3.236989	43723025.502463	2406117.666332	185640.469486	265217.535484	22388258.277384	1295824.671044	22896015.447502	1194534.574512	
239.656593	589733.838096	183873.146841	51.057531	7.791806	30.917512	3.052994	43723031.681723	2406118.352840	185640.505138	265217.655520	22388258.277384	1295824.671044	22896016.066635	1194534.978487	
240.659341	589733.344080	183873.062600	47.695289	7.293845	28.967650	2.879443	43723037.454578	2406118.996336	185640.538403	265217.767776	22388258.277384	1295824.671044	22896016.644892	1194535.355776	
241.662088	589732.882906	183872.983931	44.560089	6.828256	27.142124	2.715777	43723042.845455	2406119.599319	185640.569426	265217.872716	22388258.277384	1295824.671044	22896017.184735	1194535.707987	
242.664835	589732.452511	183872.910486	41.637500	6.393043	25.433385	2.561451	43723047.878254	2406120.164228	185640.598350	265217.970793	22388258.277384	1295824.671044	22896017.688576	1194536.036694	
243.667582	589732.050877	183872.841922	38.913369	5.986256	23.834089	2.415939	43723052.576352	2406120.693437	185640.625314	265218.062447	22388258.277384	1295824.671044	22896018.158773	1194536.343441	
244.670330	589731.676027	183872.777907	36.373820	5.605993	22.337099	2.278731	43723056.962600	2406121.189259	185640.650454	265218.148109	22388258.277384	1295824.671044	22896018.597638	1194536.629733	
245.673077	589731.326031	183872.718115	34.005255	5.250403	20.935482	2.149337	43723061.059327	2406121.653945	185640.673905	265218.228201	22388258.277384	1295824.671044	22896019.007426	1194536.897047	
246.675824	589730.999000	183872.662227	31.794353	4.917679	19.622512	2.027281	43723064.888337	2406122.089683	185640.695798	265218.303130	22388258.277384	1295824.671044	22896019.390345	1194537.146824	
247.678571	589730.693090	183872.609933	29.728073	4.606064	18.391668	1.912106	43723068.470908	2406122.498601	185640.716261	265218.373297	22388258.277384	1295824.671044	22896019.748550	1194537.380472	
248.681319	589730.406500	183872.560928	27.793649	4.313849	17.236636	1.803372	43723071.827795	2406122.882762	185640.735420	265218.439089	22388258.277384	1295824.671044	22896020.084145	1194537.599365	
249.684066	589730.137473	183872.514917	25.978595	4.039374	16.151307	1.700658	43723074.979228	2406123.244169	185640.753398	265218.500883	22388258.277384	1295824.671044	22896020.399182	1194537.804844	
250.686813	589729.884720	183872.471682	24.273965	3.781376	15.130854	1.603600	43723077.940178	2406123.584378	185640.770282	265218.558964	22388258.277384	1295824.671044	22896020.695170	1194537.997895	
251.689560	589729.647909	183872.431163	22.678006	3.539410	14.173109	1.511960	43723080.714884	2406123.904036	185640.786092	265218.613431	22388258.277384	1295824.671044	22896020.972501	1194538.178771	
252.692308	589729.426237	183872.393223	21.185270	3.312669	13.274892	1.425475	43723083.312719	2406124.204168	185640.800881	265218.664465	22388258.277384	1295824.671044	22896021.232113	1194538.348086	
253.695055	589729.218897	183872.357725	19.790235	3.100342	12.433043	1.343887	43723085.743121	2406124.485797	185640.814704	265218.712249	22388258.277384	1295824.671044	22896021.474950	1194538.506455	
254.697802	589729.025097	183872.324535	18.487478	2.901639	11.644476	1.266945	43723088.015336	2406124.749921	185640.827613	265218.756961	22388258.277384	1295824.671044	22896021.701941	1194538.654483	
255.700549	589728.844061	183872.293520	17.271680	2.715784	10.906181	1.194405	43723090.138416	2406124.997515	185640.839663	265218.798777	22388258.277384	1295824.671044	22896021.913992	1194538.792764	
256.703297	589728.675029	183872.264551	16.137621	2.542021	10.215221	1.126031	43723092.121226	2406125.229531	185640.850904	265218.837866	22388258.277384	1295824.671044	22896022.111993	1194538.921876	
257.706044	589728.517257	183872.237502	15.080183	2.379612	9.568738	1.061593	43723093.972436	2406125.446896	185640.861386	265218.874396	22388258.277384	1295824.671044	22896022.296813	1194539.042390	
258.708791	589728.370016	183872.212250	14.094350	2.227834	8.963946	1.000870	43723095.700528	2406125.650517	185640.871160	265218.908530	22388258.277384	1295824.671044	22896022.469306	1194539.154860	
259.711538	589728.232595	183872.188673	13.175207	2.085984	8.398133	0.943644	43723097.313790	2406125.841272	185640.880275	265218.940427	22388258.277384	1295824.671044	22896022.630304	1194539.259831	
260.714286	589728.104298	183872.166653	12.317939	1.953377	7.868666	0.889709	43723098.820320	2406126.020020	185640.888776	265218.970241	22388258.277384	1295824.671044	22896022.780622	1194539.357833	
261.717033	589727.984443	183872.146075	11.517835	1.829342	7.372984	0.838863	43723100.228025	2406126.187595	185640.896712	265218.998124	22388258.277384	1295824.671044	22896022.921054	1194539.449388	
262.719780	589727.872368	183872.126827	10.770282	1.713231	6.908602	0.790913	43723101.544621	2406126.344806	185640.904127	265219.024223	22388258.277384	1295824.671044	22896023.052378	1194539.535001	
263.722527	589727.767422	183872.108798	10.070771	1.604408	6.473110	0.745671	43723102.777630	2406126.492441	185640.911067	265219.048682	22388258.277384	1295824.671044	22896023.175352	1194539.615168	
264.725275	589727.668975	183872.091882	9.414893	1.502259	6.064172	0.702957	43723103.934386	2406126.631262	185640.917574	265219.071639	22388258.277384	1295824.671044	22896023.290716	1194539.690372	
265.728022	589727.576466	183872.075983	8.798765	1.406234	5.679691	0.662607	43723105.021392	2406126.761955	185640.923687	265219.093220	22388258.277384	1295824.671044	22896023.399124	1194539.761039	
266.730769	589727.489737	183872.061074	8.221481	1.316141	5.318783	0.624517	43723106.040585	2406126.884803	185640.929415	265219.113465	22388258.277384	1295824.671044	22896023.500761	1194539.827292	
267.733516	589727.408534	183872.047111	7.681351	1.231710	4.980350	0.588580	43723106.994990	2406127.000162	185640.934774	265219.132437	22388258.277384	1295824.671044	22896023.595927	1194539.889324	
268.736264	589727.332563	183872.034044	7.176405	1.152642	4.663208	0.554688	43723107.888038	2406127.108424	185640.939786	265219.150202	22388258.277384	1295824.671044	22896023.684966	1194539.947360	
269.739011	589727.261537	183872.021823	6.704708	1.078645	4.366198	0.522739	43723108.723090	2406127.209967	185640.944467	265219.166826	22388258.277384	1295824.671044	22896023.768211	1194540.001618	
270.741758	589727.195177	183872.010402	6.264361	1.009433	4.088188	0.492628	43723109.503436	2406127.305164	185640.948838	265219.182373	22388258.277384	1295824.671044	22896023.845994	1194540.052313	
271.744505	589727.133206	183871.999732	5.853504	0.944725	3.828074	0.464259	43723110.232299	2406127.394377	185640.952917	265219.196907	22388258.277384	1295824.671044	22896023.918634	1194540.099656	
272.747253	589727.075356	183871.989768	5.470313	0.884250	3.584780	0.437534	43723110.912829	2406127.477960	185640.956721	265219.210489	22388258.277384	1295824.671044	22896023.986449	1194540.143850	
273.750000	589727.021363	183871.980465	5.113001	0.827740	3.357258	0.412361	43723111.548109	2406127.556256	185640.960269	265219.223178	22388258.277384	1295824.671044	22896024.049745	1194540.185099	
274.752747	589726.970969	183871.971779	4.779817	0.774935	3.144486	0.388649	43723112.141150	2406127.629602	185640.963578	265219.235035	22388258.277384	1295824.671044	22896024.108824	1194540.223598	
275.755495	589726.923924	183871.963667	4.469048	0.725582	2.945470	0.366312	43723112.694894	2406127.698325	185640.966665	265219.246115	22388258.277384	1295824.671044	22896024.163982	1194540.259540	
276.758242	589726.879980	183871.956087	4.179018	0.679433	2.759242	0.345264	43723113.212214	2406127.762742	185640.969546	265219.256474	22388258.277384	1295824.671044	22896024.215505	1194540.293112	
277.760989	589726.838899	183871.948999	3.908087	0.636247	2.584865	0.325426	43723113.695912	2406127.823161	185640.972237	265219.266168	22388258.277384	1295824.671044	22896024.263675	1194540.324498	
278.763736	589726.800445	183871.942362	3.654653	0.595790	2.421426	0.306717	43723114.148722	2406127.879883	185640.974755	265219.275248	22388258.277384	1295824.671044	22896024.308766	1194540.353877	
279.766484	589726.764390	183871.936138	3.417149	0.557834	2.268041	0.289063	43723114.573305	2406127.933199	185640.977115	265219.283767	22388258.277384	1295824.671044	22896024.351045	1194540.381422	
280.769231	589726.730517	183871.930289	3.194085	0.522162	2.123868	0.272391	43723114.972198	2406127.983386	185640.979331	265219.291772	22388258.277384	1295824.671044	22896024.390766	1194540.407301	
281.771978	589726.698740	183871.924801	2.984920	0.488678	1.988498	0.256654	43723115.346432	2406128.030580	185640.981410	265219.299287	22388258.277384	1295824.671044	22896024.428031	1194540.431580	
282.774725	589726.668981	183871.919660	2.789162	0.457295	1.861568	0.241811	43723115.696934	2406128.074905	185640.983355	265219.306329	22388258.277384	1295824.671044	22896024.462931	1194540.454316	
283.777473	589726.641134	183871.914847	2.606102	0.427905	1.742637	0.227816	43723116.024953	2406128.116507	185640.985175	265219.312924	22388258.277384	1295824.671044	22896024.495591	1194540.475592	
284.780220	589726.615095	183871.910346	2.435048	0.400399	1.631271	0.214627	43723116.331712	2406128.155533	185640.986875	265219.319095	22388258.277384	1295824.671044	22896024.526131	1194540.495487	
285.782967	589726.590761	183871.906139	2.275321	0.374670	1.527047	0.202201	43723116.618408	2406128.192122	185640.988462	265219.324867	22388258.277384	1295824.671044	22896024.554672	1194540.514079	
286.785714	589726.568034	183871.902207	2.126253	0.350617	1.429553	0.190498	43723116.886215	2406128.226415	185640.989944	265219.330263	22388258.277384	1295824.671044	22896024.581331	1194540.531443	
287.788462	589726.546816	183871.898536	1.987194	0.328138	1.338385	0.179477	43723117.136278	2406128.258544	185640.991327	265219.335305	22388258.277384	1295824.671044	22896024.606221	1194540.547655	
288.791209	589726.527010	183871.895107	1.857502	0.307135	1.253151	0.169099	43723117.369721	2406128.288643	185640.992617	265219.340016	22388258.277384	1295824.671044	22896024.629455	1194540.562788	
289.793956	589726.508524	183871.891906	1.736552	0.287511	1.173467	0.159328	43723117.587637	2406128.316838	185640.993819	265219.344417	22388258.277384	1295824.671044	22896024.651142	1194540.576913	
290.796703	589726.491267	183871.888916	1.623732	0.269173	1.098961	0.150127	43723117.791098	2406128.343254	185640.994941	265219.348529	22388258.277384	1295824.671044	22896024.671389	1194540.590099	
291.799451	589726.475149	183871.886123	1.518442	0.252029	1.029271	0.141461	43723117.981150	2406128.368013	185640.995989	265219.352373	22388258.277384	1295824.671044	22896024.690300	1194540.602414	
292.802198	589726.460083	183871.883512	1.420097	0.235991	0.964042	0.133297	43723118.158810	2406128.391231	185640.996967	265219.355969	22388258.277384	1295824.671044	22896024.707977	1194540.613926	
293.804945	589726.445985	183871.881067	1.328126	0.220971	0.902933	0.125600	43723118.325074	2406128.413025	185640.997882	265219.359337	22388258.277384	1295824.671044	22896024.724520	1194540.624699	
294.807692	589726.432772	183871.878775	1.241968	0.206886	0.845611	0.118341	43723118.480910	2406128.433503	185640.998739	265219.362494	22388258.277384	1295824.671044	22896024.740025	1194540.634795	
295.810440	589726.420363	183871.876622	1.161079	0.193654	0.791753	0.111488	43723118.627261	2406128.452774	185640.999544	265219.365461	22388258.277384	1295824.671044	22896024.754587	1194540.644277	
296.813187	589726.408714	183871.874601	1.085177	0.181227	0.741167	0.105020	43723118.764643	2406128.470905	185641.000299	265219.368247	22388258.277384	1295824.671044	22896024.768257	1194540.653178	
297.815934	589726.397803	183871.872707	1.014122	0.169580	0.693738	0.098920	43723118.893331	2406128.487935	185641.001006	265219.370858	22388258.277384	1295824.671044	22896024.781062	1194540.661515	
298.818681	589726.387591	183871.870934	0.947659	0.158671	0.649301	0.093171	43723119.013781	2406128.503921	185641.001668	265219.373303	22388258.277384	1295824.671044	22896024.793047	1194540.669318	
299.821429	589726.378041	183871.869276	0.885541	0.148461	0.607695	0.087753	43723119.126437	2406128.518919	185641.002286	265219.375591	22388258.277384	1295824.671044	22896024.804256	1194540.676616	
300.824176	589726.369115	183871.867725	0.827522	0.138911	0.568762	0.082650	43723119.231738	2406128.532982	185641.002863	265219.377732	22388258.277384	1295824.671044	22896024.814732	1194540.683437	
301.826923	589726.360777	183871.866276	0.773364	0.129983	0.532348	0.077846	43723119.330109	2406128.546163	185641.003403	265219.379732	22388258.277384	1295824.671044	22896024.824520	1194540.689809	
302.829670	589726.352991	183871.864922	0.722832	0.121639	0.498303	0.073323	43723119.421968	2406128.558514	185641.003906	265219.381602	22388258.277384	1295824.671044	22896024.833659	1194540.695758	
303.832418	589726.345724	183871.863658	0.675696	0.113843	0.466482	0.069065	43723119.507724	2406128.570084	185641.004375	265219.383349	22388258.277384	1295824.671044	22896024.842190	1194540.701312	
304.835165	589726.338940	183871.862478	0.631732	0.106561	0.436739	0.065057	43723119.587776	2406128.580923	185641.004813	265219.384981	22388258.277384	1295824.671044	22896024.850154	1194540.706496	
305.837912	589726.332607	183871.861376	0.590720	0.099756	0.408938	0.061285	43723119.662514	2406128.591078	185641.005221	265219.386505	22388258.277384	1295824.671044	22896024.857589	1194540.711335	
306.840659	589726.326693	183871.860346	0.552445	0.093395	0.382941	0.057733	43723119.732319	2406128.600595	185641.005602	265219.387930	22388258.277384	1295824.671044	22896024.864533	1194540.715855	
307.843407	589726.321165	183871.859383	0.516697	0.087446	0.358617	0.054388	43723119.797562	2406128.609519	185641.005958	265219.389263	22388258.277384	1295824.671044	22896024.871024	1194540.720079	
308.846154	589726.315994	183871.858482	0.483272	0.081877	0.335838	0.051236	43723119.858605	2406128.617894	185641.006291	265219.390511	22388258.277384	1295824.671044	22896024.877096	1194540.724031	
309.848901	589726.311148	183871.857638	0.451968	0.076655	0.314480	0.048264	43723119.915801	2406128.625762	185641.006603	265219.391680	22388258.277384	1295824.671044	22896024.882786	1194540.727734	
310.851648	589726.306599	183871.856845	0.422591	0.071752	0.294420	0.045460	43723119.969493	2406128.633165	185641.006896	265219.392778	22388258.277384	1295824.671044	22896024.888128	1194540.731211	
311.854396	589726.302327	183871.856100	0.395009	0.067146	0.275574	0.042813	43723120.019918	2406128.640131	185641.007171	265219.393810	22388258.277384	1295824.671044	22896024.893145	1194540.734476	
312.857143	589726.298325	183871.855402	0.369183	0.062828	0.257904	0.040317	43723120.067160	2406128.646675	185641.007428	265219.394777	22388258.277384	1295824.671044	22896024.897845	1194540.737534	
313.859890	589726.294579	183871.854748	0.345020	0.058784	0.241350	0.037965	43723120.111383	2406128.652820	185641.007669	265219.395683	22388258.277384	1295824.671044	22896024.902245	1194540.740397	
314.862637	589726.291074	183871.854137	0.322432	0.054998	0.225851	0.035749	43723120.152749	2406128.658585	185641.007894	265219.396531	22388258.277384	1295824.671044	22896024.906361	1194540.743076	
315.865385	589726.287799	183871.853565	0.301330	0.051458	0.211350	0.033663	43723120.191417	2406128.663991	185641.008104	265219.397324	22388258.277384	1295824.671044	22896024.910209	1194540.745579	
316.868132	589726.284738	183871.853030	0.281629	0.048147	0.197788	0.031698	43723120.227544	2406128.669059	185641.008300	265219.398065	22388258.277384	1295824.671044	22896024.913803	1194540.747918	
317.870879	589726.281880	183871.852531	0.263243	0.045054	0.185111	0.029850	43723120.261282	2406128.673807	185641.008484	265219.398758	22388258.277384	1295824.671044	22896024.917161	1194540.750102	
318.873626	589726.279213	183871.852065	0.246091	0.042163	0.173263	0.028110	43723120.292779	2406128.678257	185641.008655	265219.399405	22388258.277384	1295824.671044	22896024.920295	1194540.752141	
319.876374	589726.276722	183871.851630	0.230091	0.039463	0.162191	0.026473	43723120.322181	2406128.682424	185641.008814	265219.400010	22388258.277384	1295824.671044	22896024.923220	1194540.754045	
320.879121	589726.274397	183871.851223	0.215164	0.036941	0.151845	0.024932	43723120.349631	2406128.686329	185641.008963	265219.400575	22388258.277384	1295824.671044	22896024.925952	1194540.755822	
321.881868	589726.272226	183871.850843	0.201233	0.034584	0.142172	0.023482	43723120.375267	2406128.689989	185641.009102	265219.401102	22388258.277384	1295824.671044	22896024.928503	1194540.757481	
322.884615	589726.270197	183871.850488	0.188223	0.032379	0.133125	0.022117	43723120.399224	2406128.693420	185641.009232	265219.401596	22388258.277384	1295824.671044	22896024.930887	1194540.759032	
323.887363	589726.268299	183871.850156	0.176059	0.030316	0.124655	0.020831	43723120.421634	2406128.696640	185641.009353	265219.402058	22388258.277384	1295824.671044	22896024.933118	1194540.760483	
324.890110	589726.266521	183871.849844	0.164670	0.028382	0.116716	0.019619	43723120.442627	2406128.699664	185641.009466	265219.402491	22388258.277384	1295824.671044	22896024.935207	1194540.761842	
325.892857	589726.264852	183871.849552	0.153985	0.026566	0.109262	0.018476	43723120.462327	2406128.702508	185641.009573	265219.402897	22388258.277384	1295824.671044	22896024.937168	1194540.763117	
326.895604	589726.263285	183871.849277	0.143951	0.024861	0.102259	0.017397	43723120.480832	2406128.705186	185641.009673	265219.403279	22388258.277384	1295824.671044	22896024.939010	1194540.764315	
327.898352	589726.261816	183871.849020	0.134552	0.023261	0.095692	0.016379	43723120.498174	2406128.707702	185641.009767	265219.403637	22388258.277384	1295824.671044	22896024.940736	1194540.765438	
328.901099	589726.260441	183871.848779	0.125756	0.021763	0.089539	0.015421	43723120.514409	2406128.710065	185641.009855	265219.403972	22388258.277384	1295824.671044	22896024.942352	1194540.766489	
329.903846	589726.259154	183871.848553	0.117532	0.020361	0.083779	0.014518	43723120.529597	2406128.712282	185641.009937	265219.404286	22388258.277384	1295824.671044	22896024.943864	1194540.767472	
330.906593	589726.257952	183871.848342	0.109848	0.019049	0.078390	0.013668	43723120.543796	2406128.714361	185641.010013	265219.404580	22388258.277384	1295824.671044	22896024.945278	1194540.768391	
331.909341	589726.256828	183871.848145	0.102673	0.017823	0.073351	0.012868	43723120.557063	2406128.716310	185641.010085	265219.404854	22388258.277384	1295824.671044	22896024.946599	1194540.769250	
332.912088	589726.255778	183871.847961	0.095976	0.016677	0.068641	0.012115	43723120.569453	2406128.718137	185641.010152	265219.405111	22388258.277384	1295824.671044	22896024.947833	1194540.770053	
333.914835	589726.254799	183871.847789	0.089727	0.015606	0.064240	0.011406	43723120.581021	2406128.719848	185641.010214	265219.405350	22388258.277384	1295824.671044	22896024.948985	1194540.770802	
334.917582	589726.253884	183871.847628	0.083897	0.014606	0.060127	0.010740	43723120.591819	2406128.721452	185641.010272	265219.405574	22388258.277384	1295824.671044	22896024.950060	1194540.771501	
335.920330	589726.253030	183871.847478	0.078458	0.013672	0.056285	0.010113	43723120.601900	2406128.722954	185641.010326	265219.405783	22388258.277384	1295824.671044	22896024.951064	1194540.772154	
336.923077	589726.252233	183871.847338	0.073382	0.012799	0.052694	0.009523	43723120.611314	2406128.724362	185641.010377	265219.405979	22388258.277384	1295824.671044	22896024.952002	1194540.772763	
337.925824	589726.251487	183871.847207	0.068642	0.011983	0.049336	0.008968	43723120.620111	2406128.725682	185641.010424	265219.406161	22388258.277384	1295824.671044	22896024.952878	1194540.773333	
338.928571	589726.250790	183871.847084	0.064210	0.011219	0.046192	0.008445	43723120.628339	2406128.726920	185641.010469	265219.406332	22388258.277384	1295824.671044	22896024.953698	1194540.773866	
339.931319	589726.250138	183871.846969	0.060061	0.010503	0.043247	0.007952	43723120.636044	2406128.728083	185641.010510	265219.406492	22388258.277384	1295824.671044	22896024.954465	1194540.774365	
340.934066	589726.249525	183871.846861	0.056170	0.009831	0.040483	0.007488	43723120.643272	2406128.729177	185641.010549	265219.406643	22388258.277384	1295824.671044	22896024.955186	1194540.774833	
341.936813	589726.248950	183871.846760	0.052516	0.009200	0.037886	0.007049	43723120.650063	2406128.730207	185641.010585	265219.406784	22388258.277384	1295824.671044	22896024.955862	1194540.775273	
342.939560	589726.248411	183871.846665	0.049091	0.008608	0.035450	0.006636	43723120.656429	2406128.731175	185641.010620	265219.406916	22388258.277384	1295824.671044	22896024.956497	1194540.775685	
343.942308	589726.247906	183871.846576	0.045886	0.008054	0.033168	0.006246	43723120.662390	2406128.732084	185641.010652	265219.407040	22388258.277384	1295824.671044	22896024.957091	1194540.776071	
344.945055	589726.247433	183871.846493	0.042888	0.007534	0.031031	0.005879	43723120.667966	2406128.732937	185641.010682	265219.407157	22388258.277384	1295824.671044	22896024.957646	1194540.776432	
345.947802	589726.246991	183871.846415	0.040087	0.007049	0.029032	0.005534	43723120.673180	2406128.733737	185641.010710	265219.407265	22388258.277384	1295824.671044	22896024.958166	1194540.776770	
346.950549	589726.246578	183871.846342	0.037470	0.006595	0.027163	0.005209	43723120.678053	2406128.734487	185641.010736	265219.407367	22388258.277384	1295824.671044	22896024.958652	1194540.777086	
347.953297	589726.246193	183871.846274	0.035028	0.006171	0.025416	0.004904	43723120.682603	2406128.735190	185641.010760	265219.407462	22388258.277384	1295824.671044	22896024.959106	1194540.777380	
348.956044	589726.245833	183871.846211	0.032749	0.005774	0.023784	0.004616	43723120.686852	2406128.735849	185641.010783	265219.407550	22388258.277384	1295824.671044	22896024.959529	1194540.777656	
349.958791	589726.245496	183871.846151	0.030623	0.005404	0.022259	0.004346	43723120.690818	2406128.736466	185641.010804	265219.407633	22388258.277384	1295824.671044	22896024.959925	1194540.777913	
350.961538	589726.245183	183871.846096	0.028639	0.005058	0.020835	0.004091	43723120.694520	2406128.737044	185641.010824	265219.407711	22388258.277384	1295824.671044	22896024.960294	1194540.778153	
351.964286	589726.244890	183871.846044	0.026787	0.004735	0.019504	0.003852	43723120.697977	2406128.737586	185641.010842	265219.407783	22388258.277384	1295824.671044	22896024.960639	1194540.778377	
352.967033	589726.244616	183871.845996	0.025058	0.004433	0.018259	0.003627	43723120.701207	2406128.738094	185641.010860	265219.407850	22388258.277384	1295824.671044	22896024.960961	1194540.778586	
353.969780	589726.244360	183871.845950	0.023442	0.004150	0.017095	0.003415	43723120.704228	2406128.738571	185641.010876	265219.407914	22388258.277384	1295824.671044	22896024.961262	1194540.778782	
354.972527	589726.244120	183871.845908	0.021929	0.003885	0.016004	0.003215	43723120.707056	2406128.739019	185641.010891	265219.407973	22388258.277384	1295824.671044	22896024.961544	1194540.778965	
355.975275	589726.243895	183871.845868	0.020511	0.003637	0.014981	0.003027	43723120.709709	2406128.739440	185641.010905	265219.408028	22388258.277384	1295824.671044	22896024.961809	1194540.779137	
356.978022	589726.243684	183871.845831	0.019179	0.003404	0.014019	0.002849	43723120.712200	2406128.739836	185641.010918	265219.408081	22388258.277384	1295824.671044	22896024.962058	1194540.779298	
357.980769	589726.243486	183871.845796	0.017932	0.003185	0.013118	0.002682	43723120.714533	2406128.740208	185641.010931	265219.408130	22388258.277384	1295824.671044	22896024.962291	1194540.779450	
358.983516	589726.243301	183871.845763	0.016766	0.002980	0.012275	0.002524	43723120.716716	2406128.740557	185641.010943	265219.408175	22388258.277384	1295824.671044	22896024.962508	1194540.779591	
359.986264	589726.243128	183871.845732	0.015676	0.002789	0.011486	0.002376	43723120.718757	2406128.740885	185641.010953	265219.408218	22388258.277384	1295824.671044	22896024.962712	1194540.779724	
360.989011	589726.242966	183871.845703	0.014657	0.002610	0.010748	0.002237	43723120.720665	2406128.741192	185641.010964	265219.408258	22388258.277384	1295824.671044	22896024.962903	1194540.779847	
361.991758	589726.242815	183871.845677	0.013704	0.002442	0.010058	0.002105	43723120.722450	2406128.741480	185641.010973	265219.408296	22388258.277384	1295824.671044	22896024.963081	1194540.779963	
362.994505	589726.242673	183871.845652	0.012814	0.002285	0.009412	0.001981	43723120.724119	2406128.741751	185641.010982	265219.408331	22388258.277384	1295824.671044	22896024.963248	1194540.780071	
363.997253	589726.242541	183871.845628	0.011982	0.002139	0.008807	0.001865	43723120.725681	2406128.742005	185641.010990	265219.408364	22388258.277384	1295824.671044	22896024.963404	1194540.780173	
365.000000	589726.242417	183871.845606	0.011203	0.002001	0.008241	0.001755	43723120.727141	2406128.742243	185641.010998	265219.408394	22388258.277384	1295824.671044	22896024.963550	1194540.780267	
